Steps,evalloss,Perplexity
11,9.953817367553711,21032.357571100027
22,9.720650672912598,16658.080165440475
33,9.722943305969238,16696.31484298344
44,9.588072776794434,14589.72476629633
55,9.479609489440918,13090.073703936465
66,9.434041976928711,12506.977617240242
77,9.345418930053711,11446.267004925268
88,9.325193405151367,11217.08571510191
99,9.305307388305664,10996.225849389077
110,9.27171516418457,10632.973550801433
121,9.388542175292969,11950.664652786214
132,9.402332305908203,12116.607435875583
143,9.384639739990234,11904.118837241438
154,9.413341522216797,12250.738773764178
165,9.395753860473633,12037.160599855617
176,9.363680839538574,11657.218018465426
187,9.346746444702148,11461.47218235912
198,9.291712760925293,10847.74779501482
209,9.341666221618652,11403.392999322752
220,9.339629173278809,11380.187380053436
231,9.44917106628418,12697.635401894415
242,9.434196472167969,12508.910035010438
253,9.416436195373535,12288.709529432885
264,9.40234088897705,12116.711433997716
275,9.388649940490723,11951.952587921858
286,9.407845497131348,12183.593092341443
297,9.408710479736328,12194.136247598066
308,9.370160102844238,11732.993422723914
319,9.344245910644531,11432.848183373564
330,9.371694564819336,11751.011075151095
341,9.374715805053711,11786.567387640689
352,9.52941608428955,13758.554901647138
363,9.504661560058594,13422.149378838214
374,9.506649017333984,13448.851853496797
385,9.471195220947266,12980.392400276853
396,9.481538772583008,13115.352539637033
407,9.485671997070312,13169.673418774666
418,9.440751075744629,12591.17027859861
429,9.401927947998047,12111.708980246012
440,9.379312515258789,11840.871536833316
451,9.36956787109375,11726.046828690514
462,9.590429306030273,14624.146421139676
473,9.722777366638184,16693.54449752831
484,9.703168869018555,16369.397573040864
495,9.6189603805542,15047.39823609199
506,9.604161262512207,14826.349709368038
517,9.552961349487305,14086.347564814856
528,9.590788841247559,14629.405262113427
539,9.539180755615234,13893.56073927509
550,9.512530326843262,13528.181767011962
561,9.549271583557129,14034.46801005535
572,9.754002571105957,17223.02742369167
583,9.893305778503418,19797.397695076525
594,9.941230773925781,20769.290863151375
605,9.881479263305664,19564.642524521212
616,9.839722633361816,18764.510648820655
627,9.830485343933105,18591.97553817714
638,9.80345630645752,18096.182917131347
649,9.807278633117676,18165.4848023883
660,9.768152236938477,17468.45980456482
671,9.731500625610352,16839.8036099335
682,9.856426239013672,19080.578018492608
693,10.093891143798828,24194.75477454798
704,10.123339653015137,24917.8490012729
715,10.171586990356445,26149.542924571946
726,10.180248260498047,26377.014855812697
737,10.187877655029297,26579.02513689332
748,10.17387866973877,26209.538011444383
759,10.199262619018555,26883.35548879293
770,10.176280975341797,26272.577020627632
781,10.089066505432129,24078.304972366248
792,10.117642402648926,24776.289410044392
803,10.346784591674805,31156.700071812134
814,10.48629379272461,35821.15045335137
825,10.557062149047852,38448.00734632163
836,10.591134071350098,39780.577567710934
847,10.646198272705078,42032.4943320016
858,10.594987869262695,39934.17966010979
869,10.654945373535156,42401.76948708268
880,10.6128511428833,40653.94437578771
891,10.587922096252441,39653.00832747983
902,10.525263786315918,37244.65733660919
913,10.732069969177246,45801.40145907518
924,10.915932655334473,55046.45011522136
935,10.983656883239746,58903.564358889016
946,11.05148696899414,63037.619935839015
957,11.116573333740234,67276.97509820595
968,11.180499076843262,71718.14599915096
979,11.170928001403809,71035.00064625024
990,11.145329475402832,69239.68607435406
1001,11.198378562927246,73011.9615040368
1012,11.17892837524414,71605.5866142883
1023,11.242698669433594,76320.63829059711
1034,11.418418884277344,90982.17473488307
1045,11.533156394958496,102043.6962315318
1056,11.6120023727417,110415.12141027892
1067,11.652083396911621,114930.55977353871
1078,11.73745346069336,125173.17539931157
1089,11.788710594177246,131756.47274317115
1100,11.8878812789917,145492.7125819137
1111,11.867829322814941,142604.35447906554
1122,11.847733497619629,139767.20520668462
1133,11.887517929077148,145439.85742027004
1144,12.06668472290039,173978.1025564316
1155,12.170615196228027,193032.7603499152
1166,12.223942756652832,203606.14738644857
1177,12.322016716003418,224586.61305239468
1188,12.367876052856445,235125.81970669224
1199,12.443320274353027,253551.00231805773
1210,12.412753105163574,245917.92109729908
1221,12.444977760314941,253971.6080227619
1232,12.499541282653809,268214.22378058214
1243,12.498085975646973,267824.17363157985
1254,12.620903015136719,302822.77583476884
1265,12.730081558227539,337756.85720692907
1276,12.823432922363281,370805.4914735093
1287,12.8818359375,393106.53577033
1298,12.92940902709961,412259.80617453594
1309,13.00216293334961,443371.33830234123
1320,13.018206596374512,450542.00673329463
1331,13.069540023803711,474273.77759711095
1342,13.122795104980469,500215.91039195145
1353,13.102150917053223,489995.2210368473
1364,13.136528015136719,507132.71577690565
1375,13.22494888305664,554016.0204309126
1386,13.384326934814453,649739.5925897396
1397,13.406262397766113,664149.3964243832
1408,13.499846458435059,729304.3827143409
1419,13.545854568481445,763642.1500870779
1430,13.5198392868042,744031.9725907679
1441,13.624502182006836,826125.6685287765
1452,13.626274108886719,827590.800477002
1463,13.6519775390625,849138.4609192595
1474,13.676194190979004,869952.7605855201
1485,13.737540245056152,924991.8864550546
1496,13.881816864013672,1068553.9715890356
1507,13.975564956665039,1173574.7101948948
1518,14.06589126586914,1284514.3483780983
1529,14.0159330368042,1221918.8839989647
1540,14.126129150390625,1364268.7794972763
1551,14.1781587600708,1437130.190926086
1562,14.178340911865234,1437391.9906121152
1573,14.21651840209961,1493328.982328655
1584,14.236978530883789,1524197.3946408844
1595,14.272961616516113,1580041.4147332518
1606,14.41696548461914,1824771.7790782463
1617,14.424302101135254,1838208.660201746
1628,14.465676307678223,1915858.3556726114
1639,14.532048225402832,2047332.3794564633
1650,14.588493347167969,2166217.998563096
1661,14.610262870788574,2213892.5760890148
1672,14.659926414489746,2326618.338624166
1683,14.65816879272461,2322532.615223035
1694,14.639719009399414,2280075.2605509534
1705,14.7247896194458,2482532.1350393007
1716,14.784624099731445,2635607.067923413
1727,14.951038360595703,3112816.0619127015
1738,14.907449722290039,2980047.2745241625
1749,14.993443489074707,3247654.135034245
1760,14.980881690979004,3207112.9278462175
1771,15.060476303100586,3472815.8364662165
1782,15.122886657714844,3696461.829160549
1793,15.14544677734375,3780802.2379657105
1804,15.148712158203125,3793168.17598744
1815,15.210419654846191,4034607.797532919
1826,15.201093673706055,3997156.0299877133
1837,15.293801307678223,4385443.450678133
1848,15.2893648147583,4366030.556283881
1859,15.361663818359375,4693381.19775509
1870,15.447644233703613,5114776.35834661
1881,15.49402141571045,5357571.84123813
1892,15.590580940246582,5900696.426186002
1903,15.557326316833496,5707697.822224269
1914,15.652602195739746,6278252.251062757
1925,15.635239601135254,6170186.369229877
1936,15.676311492919922,6428883.827708746
1947,15.757987976074219,6976012.078977242
1958,15.818570137023926,7411698.120105752
1969,15.927265167236328,8262726.429431268
1980,15.948400497436523,8439220.44049957
1991,15.939736366271973,8366417.769047452
2002,15.932930946350098,8309674.0841897875
2013,16.055131912231445,9389775.215921886
2024,15.99032974243164,8800593.694278179
2035,16.05856704711914,9422085.824230136
2046,16.076244354248047,9590123.782653859
2057,16.100849151611328,9829013.70225047
2068,16.1678524017334,10510154.065960795
2079,16.179954528808594,10638122.066688702
2090,16.3581485748291,12713164.315275429
2101,16.31158447265625,12134758.218763936
2112,16.329809188842773,12357938.262548568
2123,16.389549255371094,13118700.05465263
2134,16.42365264892578,13573808.508588232
2145,16.388296127319336,13102270.939653909
2156,16.519289016723633,14936060.528560428
2167,16.551559448242188,15425915.045643883
2178,16.51593589782715,14886062.014091035
2189,16.566051483154297,15651095.6667428
2200,16.683332443237305,17598644.55702566
2211,16.59539794921875,16117205.907496149
2222,16.609663009643555,16348766.509925222
2233,16.711830139160156,18107379.840994034
2244,16.61389923095703,16418170.404401114
2255,16.688188552856445,17684313.34430189
2266,16.766695022583008,19128597.462133374
2277,16.843414306640625,20653891.431029473
2288,16.872604370117188,21265665.252912834
2299,16.901302337646484,21884787.91435387
2310,16.877819061279297,21376848.771468326
2321,16.94945526123047,22964388.805875327
2332,16.927440643310547,22464360.718640633
2343,17.054004669189453,25495299.73928891
2354,16.947355270385742,22916214.400237583
2365,16.969558715820312,23430724.123219885
2376,17.02341079711914,24727110.65678288
2387,17.070140838623047,25910033.322477408
2398,17.128097534179688,27456061.85596284
2409,17.154380798339844,28187263.877477445
2420,17.127103805541992,27428791.532912835
2431,17.190141677856445,29213505.51234921
2442,17.20195960998535,29560796.8283578
2453,17.217666625976562,30028774.38110336
2464,17.238595962524414,30663879.689476572
2475,17.226926803588867,30308137.64577563
2486,17.302139282226562,32675603.341341946
2497,17.36486053466797,34790695.37346055
2508,17.39751625061035,35945564.348487355
2519,17.40540313720703,36230183.843651436
2530,17.453407287597656,38011803.48927527
2541,17.45174789428711,37948779.26229556
2552,17.52539825439453,40849218.75629604
2563,17.518112182617188,40552670.06581304
2574,17.533523559570312,41182483.22913196
2585,17.559528350830078,42267471.41182894
2596,17.493921279907227,39583434.97144282
2607,17.54632568359375,41713095.72349103
2618,17.619749069213867,44891053.062430285
2629,17.63500213623047,45581028.04336319
2640,17.644990921020508,46038608.65550936
2651,17.612754821777344,44578169.398017675
2662,17.763267517089844,51819004.23601235
2673,17.678022384643555,47584725.96614849
2684,17.725034713745117,49875213.49392636
2695,17.738426208496094,50547609.2975874
2706,17.74807357788086,51037620.615580626
2717,17.748737335205078,51071508.455481716
2728,17.76923179626465,52128990.747966185
2739,17.86902618408203,57599600.16614425
2750,17.801328659057617,53829309.28588874
2761,17.794076919555664,53440365.12272602
2772,17.828651428222656,55320352.0278282
2783,17.915325164794922,60329101.95710736
2794,17.908977508544922,59947366.40082072
2805,17.906129837036133,59776898.82651818
2816,18.045072555541992,68687140.45030679
2827,18.008798599243164,66240233.9072259
2838,18.03439712524414,67957775.73795786
2849,18.06871795654297,70330629.33385485
2860,18.076112747192383,70852637.30511108
2871,18.13683319091797,75288141.0444611
2882,18.065082550048828,70075413.09570427
2893,18.083080291748047,71348030.04377267
2904,18.099227905273438,72509482.56509599
2915,18.191970825195312,79555927.6860186
2926,18.243322372436523,83747960.19033355
2937,18.238630294799805,83355928.69953264
2948,18.24603843688965,83975734.23249368
2959,18.209213256835938,80939559.64097193
2970,18.151979446411133,76437154.12105435
2981,18.267087936401367,85762116.67850909
2992,18.321325302124023,90542082.63878885
3003,18.336374282836914,91914952.93381539
3014,18.27902603149414,86792088.70231268
3025,18.38421058654785,96418686.73056392
3036,18.4060001373291,98542662.80839486
3047,18.423625946044922,100294954.34612626
3058,18.376598358154297,95687512.13050802
3069,18.474609375,105540927.60127923
3080,18.440685272216797,102020595.97786565
3091,18.390947341918945,97070428.68444474
3102,18.454776763916016,103468395.22739504
3113,18.46434783935547,104463453.3357731
3124,18.3892879486084,96909484.23643525
3135,18.4978084564209,108018002.00406703
3146,18.479568481445312,106065616.21363701
3157,18.55237579345703,114076039.07732241
3168,18.555042266845703,114380625.70540676
3179,18.555858612060547,114474037.90498562
3190,18.637889862060547,124260392.59520988
3201,18.569868087768555,116089045.44859831
3212,18.57748794555664,116977006.2367234
3223,18.667211532592773,127957857.90958725
3234,18.70555877685547,132959985.079769
3245,18.71985626220703,134874633.2301175
3256,18.668834686279297,128165721.83028042
3267,18.699779510498047,132193790.0662165
3278,18.740432739257812,137678627.2532938
3289,18.80974578857422,147560052.80899912
3300,18.76825714111328,141563245.67841995
3311,18.682655334472656,129949352.2555581
3322,18.75369644165039,139516919.9242691
3333,18.800920486450195,146263520.3221067
3344,18.782655715942383,143616299.720871
3355,18.72967529296875,136205494.59439927
3366,18.8050479888916,146868470.96811706
3377,18.9000244140625,161501407.22596648
3388,18.933208465576172,166950591.2080988
3399,18.946216583251953,169136490.53931874
3410,18.976091384887695,174265644.39377087
3421,18.932903289794922,166899649.70444867
3432,18.996538162231445,177865492.45419303
3443,19.001379013061523,178728600.1733484
3454,18.994613647460938,177523516.86089104
3465,18.99695587158203,177939804.052782
3476,18.99016761779785,176735994.01126546
3487,18.99135971069336,176946805.3624988
3498,19.038724899291992,185529582.05498627
3509,19.061372756958008,189779372.29384252
3520,19.09164047241211,195611375.81008375
3531,19.099536895751953,197162120.65460578
3542,19.07585906982422,192548585.07059133
3553,19.15972328186035,209392969.60927054
3564,19.126657485961914,202582442.67149088
3575,19.116621017456055,200559399.45240703
3586,19.15618324279785,208653020.81400603
3597,19.14838218688965,207031639.39937374
3608,19.202299118041992,218500556.20165092
3619,19.29457664489746,239622815.96403617
3630,19.256776809692383,230734166.09642327
3641,19.30379867553711,241842845.77260205
3652,19.286457061767578,237685056.1369814
3663,19.238941192626953,226655361.9849895
3674,19.300939559936523,241152376.65523177
3685,19.282304763793945,236700163.15967003
3696,19.283018112182617,236869073.07830477
3707,19.273508071899414,234627116.09909666
3718,19.247901916503906,228695484.9373115
3729,19.429109573364258,274129059.45450944
3740,19.323143005371094,246566675.90825856
3751,19.37286949157715,259137532.32834932
3762,19.394248962402344,264737403.4831714
3773,19.3725643157959,259058461.89527407
3784,19.39032745361328,263701266.36685205
3795,19.329500198364258,248139140.78826556
3806,19.381885528564453,261484490.13536727
3817,19.387792587280273,263033665.40184733
3828,19.374279022216797,259503052.16523656
3839,19.371145248413086,258691101.19819617
3850,19.446680068969727,278988206.6916184
3861,19.420190811157227,271695037.92318064
3872,19.490262985229492,291416182.9124415
3883,19.457868576049805,282127195.77270156
3894,19.483394622802734,289421488.93330127
3905,19.47964096069336,288337134.8792266
3916,19.509056091308594,296944583.3495467
3927,19.51287269592285,298080068.8878755
3938,19.50836944580078,296740757.671322
3949,19.45313262939453,280794215.3770151
3960,19.54996109008789,309342950.0391906
3971,19.560115814208984,312500245.9589262
3982,19.530115127563477,303264259.68853706
3993,19.603273391723633,326282259.603511
4004,19.579423904418945,318592656.0292645
4015,19.54088592529297,306548311.8705835
4026,19.643444061279297,339656055.22471
4037,19.625520706176758,333622511.3295229
4048,19.5858211517334,320637305.1323822
4059,19.606094360351562,327203991.0982664
4070,19.600187301635742,325276875.3074851
4081,19.530223846435547,303297232.029115
4092,19.603015899658203,326198255.3262541
4103,19.5880069732666,321338927.58967453
4114,19.630699157714844,335354640.33874214
4125,19.6134090423584,329606159.08140826
4136,19.63800621032715,337814068.9837136
4147,19.64293098449707,339481830.2880385
4158,19.706201553344727,361655100.05505973
4169,19.59065818786621,322191996.3804588
4180,19.68097496032715,352645887.6695958
4191,19.770606994628906,385714105.866373
4202,19.747060775756836,376738087.46107084
4213,19.71185302734375,363704770.8247722
4224,19.76351547241211,382988481.5505415
4235,19.739948272705078,374068043.26896286
4246,19.754077911376953,379391006.7755122
4257,19.70111846923828,359821441.03360194
4268,19.67244529724121,349650729.06543696
4279,19.749162673950195,377530785.35977215
4290,19.74152946472168,374659984.5357188
4301,19.753198623657227,379057559.54179233
4312,19.736417770385742,372749723.7090876
4323,19.73816680908203,373402247.87855047
4334,19.76555824279785,383771638.7115242
4345,19.73725700378418,373062679.02939296
4356,19.80584144592285,399546793.2797485
4367,19.786996841430664,392087991.79519516
4378,19.83841323852539,412775012.48364544
4389,19.79058837890625,393498722.34083205
4400,19.813507080078125,402621341.9520769
4411,19.827669143676758,408363857.963253
4422,19.77916717529297,389030060.63472
4433,19.784351348876953,391052096.76295245
4444,19.80429458618164,398929228.1969174
4455,19.763975143432617,383164570.72514325
4466,19.7894344329834,393044907.98351115
4477,19.81011390686035,401257493.193771
4488,19.797435760498047,396202404.2556003
4499,19.707448959350586,362106512.2875491
4510,19.776187896728516,387872756.5358192
4521,19.804031372070312,398824238.2126636
4532,19.78699493408203,392087243.94741327
4543,19.765199661254883,383634049.9550359
4554,19.756244659423828,380213942.7239147
4565,19.77239418029785,386404064.9475325
4576,19.777902603149414,388538414.9832513
4587,19.817346572875977,404170175.1590318
4598,19.78761863708496,392331866.2167657
4609,19.79576301574707,395540212.7566396
4620,19.81426429748535,402926329.2970145
4631,19.851194381713867,418084608.09366083
4642,19.840795516967773,413759529.7289292
4653,19.84170913696289,414137721.4439098
4664,19.87079620361328,426360676.1341925
4675,19.858203887939453,421025469.70967156
4686,19.845346450805664,415646813.1672603
4697,19.838451385498047,412790758.901097
4708,19.782346725463867,390268969.7736448
4719,19.766550064086914,384152460.41525507
4730,19.764745712280273,383459939.1931244
4741,19.767667770385742,384582070.0839631
4752,19.767803192138672,384634154.38863355
4763,19.774255752563477,387124053.9860525
4774,19.808366775512695,400557055.7052487
4785,19.817188262939453,404106196.0686542
4796,19.79705047607422,396049783.0437332
4807,19.790512084960938,393468701.91603214
4818,19.822755813598633,406362352.5918699
4829,19.8055419921875,399427165.41245294
4840,19.82050132751465,405447246.2577457
4851,19.80469512939453,399089048.5970469
4862,19.819002151489258,404839864.86616457
4873,19.858156204223633,421005394.12946373
4884,19.835121154785156,411418356.9138093
4895,19.857812881469727,420860878.2073635
4906,19.907901763916016,442478203.6522447
4917,19.91433334350586,445333208.6903864
4928,19.886804580688477,433240942.62584347
4939,19.90943145751953,443155577.68534356
4950,19.902603149414062,440139882.6271774
4961,19.808500289916992,400610539.4122713
4972,19.808727264404297,400701478.10405433
4983,19.86663246154785,424589110.9815322
4994,19.878067016601562,429471961.9581849
5005,19.864290237426758,423595791.8663468
5016,19.851158142089844,418069457.13918763
5027,19.843303680419922,414798608.80472726
5038,19.859174728393555,421434416.746916
5049,19.852556228637695,418654363.2026574
5060,19.83715057373047,412254144.91693115
5071,19.82138442993164,405805455.8454753
5082,19.804977416992188,399201722.388285
5093,19.829160690307617,408973406.1715453
5104,19.82831573486328,408627987.8175224
5115,19.878925323486328,429840738.93921876
5126,19.903121948242188,440368285.92505413
5137,19.892019271850586,435506061.15425825
5148,19.8842830657959,432149895.26110375
5159,19.931455612182617,453023977.35163486
5170,19.89527130126953,436924645.0653579
5181,19.900859832763672,439373247.87901306
5192,19.893720626831055,436247642.22787166
5203,19.861408233642578,422376744.68429947
5214,19.85782241821289,420864891.8686054
5225,19.858041763305664,420957216.64248025
5236,19.862829208374023,422977357.99275166
5247,19.865161895751953,423965183.6331609
5258,19.878276824951172,429562078.21496785
5269,19.870323181152344,426159045.64955413
5280,19.839744567871094,413324917.9423524
5291,19.843229293823242,414767754.49549854
5302,19.849903106689453,417545094.28645486
5313,19.83643341064453,411958597.45270497
5324,19.85332489013672,418976290.4037213
5335,19.877212524414062,429105138.26824987
5346,19.961257934570312,466728340.5880436
5357,19.90929412841797,443094723.7066144
5368,19.88384437561035,431960356.9207122
5379,19.888914108276367,434155841.0089231
5390,19.881004333496094,430735311.72875404
5401,19.8437442779541,414981408.3164977
5412,19.847190856933594,416414142.11209726
5423,19.890060424804688,434653806.3837794
5434,19.885852813720703,432828794.3732239
5445,19.91827392578125,447091542.99437916
5456,19.947643280029297,460417055.93396115
5467,19.915708541870117,445946051.4841483
5478,19.923643112182617,449498516.7902944
5489,19.949745178222656,461385823.4807328
5500,19.872108459472656,426920537.69011945
5511,19.877531051635742,429241841.7064783
5522,19.887937545776367,433732067.6497019
5533,19.843017578125,414679950.9457701
5544,19.8724308013916,427058174.2573015
5555,19.89458656311035,436625568.4944515
5566,19.869096755981445,425636713.83507663
5577,19.916362762451172,446237894.023358
5588,19.908010482788086,442526311.9985566
5599,19.858217239379883,421031091.04367614
5610,19.864055633544922,423496426.30547446
5621,19.886003494262695,432894018.1644046
5632,19.902612686157227,440144080.1482096
5643,19.843339920043945,414813641.22273874
5654,19.85084342956543,417937906.1464092
5665,19.903705596923828,440625381.31396484
5676,19.901365280151367,439595384.0737272
5687,19.941173553466797,457447898.6519752
5698,19.962387084960938,467255644.7229441
5709,19.94710350036621,460168599.2325999
5720,19.956893920898438,464695969.6015275
5731,19.941076278686523,457403402.6723507
5742,19.938684463500977,456310685.57752144
5753,19.910160064697266,443478581.67732227
5764,19.850425720214844,417763366.0311045
5775,19.838939666748047,412992366.10534495
5786,19.866687774658203,424612596.97541773
5797,19.91230010986328,444428662.117201
5808,19.920093536376953,447905816.10858387
5819,19.95317840576172,462972588.299771
5830,19.87335968017578,427455043.82830644
5841,19.860515594482422,421999882.88747764
5852,19.876121520996094,428637238.38233
5863,19.924795150756836,450016654.82088417
5874,19.903711318969727,440627902.5998342
5885,19.93809700012207,456042698.4843498
5896,19.942745208740234,458167414.3214063
5907,19.925582885742188,450371288.3441558
5918,19.912015914916992,444302375.6832744
5929,19.99169158935547,481150942.85706764
5940,20.024641036987305,497268677.70170695
5951,20.02191925048828,495917058.7718418
5962,20.061595916748047,515988954.2621672
5973,20.061237335205078,515803963.3159447
5984,20.065471649169922,517992669.8059784
5995,20.04718017578125,508603949.20733976
6006,20.0366268157959,503264691.7485742
6017,20.022939682006836,496423366.4514247
6028,20.008813858032227,489460272.860858
6039,20.006040573120117,488104740.57846487
6050,19.996681213378906,483557704.58521956
6061,19.993263244628906,481907740.8307109
6072,19.969135284423828,470419441.9750288
6083,20.03673553466797,503319409.092564
6094,20.041582107543945,505764704.15246594
6105,20.01323127746582,491627206.7864615
6116,20.05453109741211,512356432.1858256
6127,20.106853485107422,539877859.1112205
6138,20.119850158691406,546940269.9342891
6149,20.128032684326172,551433982.6007171
6160,20.09880256652832,535548796.27422017
6171,20.114187240600586,543851745.269906
6182,20.208677291870117,597746489.7637255
6193,20.238483428955078,615831182.1306036
6204,20.19256019592285,588189772.3724333
6215,20.13385009765625,554651251.0185388
6226,20.100366592407227,536387063.8161955
6237,20.197473526000977,591086854.2041708
6248,20.222272872924805,605928695.5033989
6259,20.224044799804688,607003308.6330328
6270,20.195444107055664,589888507.7287304
6281,20.2367000579834,614733905.393493
6292,20.24431800842285,619434800.6779156
6303,20.235614776611328,614067108.0340142
6314,20.365131378173828,698979084.8179587
6325,20.271915435791016,636767678.9515165
6336,20.409957885742188,731024757.9478157
6347,20.486045837402344,788817729.3860826
6358,20.43321990966797,748229202.6584984
6369,20.538013458251953,830894557.3043779
6380,20.5592041015625,848689626.0829984
6391,20.536191940307617,829382445.5458378
6402,20.435317993164062,749800697.9876279
6413,20.477386474609375,782016559.8853719
6424,20.56610870361328,854569766.8712302
6435,20.520544052124023,816505374.0159311
6446,20.533140182495117,826855229.3753166
6457,20.512889862060547,810279543.9345709
6468,20.54692840576172,838335055.2145225
6479,20.61443328857422,896880589.0392337
6490,20.555702209472656,845722804.3713332
6501,20.558923721313477,848451703.6302305
6512,20.608871459960938,891906139.2582523
6523,20.635278701782227,915772657.9124322
6534,20.623228073120117,904803248.5580697
6545,20.5757999420166,862891866.8072264
6556,20.590173721313477,875384451.8018728
6567,20.591934204101562,876926908.3979946
6578,20.576824188232422,863776133.3124713
6589,20.606435775756836,889736381.0588907
6600,20.674179077148438,952098522.2396129
6611,20.687355041503906,964726347.6317992
6622,20.631458282470703,912280696.9899223
6633,20.668533325195312,946738355.4718292
6644,20.682069778442383,959640965.7306588
6655,20.656404495239258,935324882.8973764
6666,20.68304443359375,960576740.6962379
6677,20.7089786529541,985814393.493424
6688,20.667251586914062,945525662.0231247
6699,20.6818790435791,959457946.1969187
6710,20.664968490600586,943369398.2853895
6721,20.750099182128906,1027196601.2359853
6732,20.80105972290039,1080899847.0677495
6743,20.778554916381836,1056846082.9900647
6754,20.734338760375977,1011134455.1484872
6765,20.66399383544922,942450386.3743067
6776,20.702621459960938,979567259.2966609
6787,20.808618545532227,1089101134.2833328
6798,20.78197479248047,1060466552.8998557
6809,20.743589401245117,1020531494.1680467
6820,20.756454467773438,1033745517.1231375
6831,20.73633575439453,1013155702.1447289
6842,20.72332000732422,1000054171.845049
6853,20.767183303833008,1044896112.8002063
6864,20.778013229370117,1056273758.2179655
6875,20.77533721923828,1053450937.5718316
6886,20.78575897216797,1064487151.424328
6897,20.80376625061035,1083829294.983255
6908,20.79885482788086,1078519201.8791685
6919,20.787311553955078,1066141138.4310467
6930,20.8153133392334,1096416903.1542134
6941,20.810588836669922,1091249095.9563153
6952,20.8281307220459,1110560546.9402187
6963,20.870412826538086,1158524241.520172
6974,20.89458656311035,1186871348.6790679
6985,20.889604568481445,1180973066.7988105
6996,20.905752182006836,1200197762.2137628
7007,20.916271209716797,1212889310.07738
7018,20.890453338623047,1181975866.9891725
7029,20.8835391998291,1173831709.156998
7040,20.8944149017334,1186667626.1952286
7051,20.874252319335938,1162980937.2522683
7062,20.840639114379883,1124539116.431089
7073,20.822290420532227,1104093441.8011284
7084,20.84343719482422,1127690073.6016822
7095,20.862316131591797,1149181896.2461276
7106,20.844764709472656,1129188092.794501
7117,20.81592559814453,1097088399.7173872
7128,20.813291549682617,1094202418.2816377
7139,20.831871032714844,1114722166.4256022
7150,20.8533935546875,1138973841.2018058
7161,20.864891052246094,1152144761.3805947
7172,20.874217987060547,1162941010.1558545
7183,20.886682510375977,1177527231.7935174
7194,20.900049209594727,1193372547.9895315
7205,20.898969650268555,1192084926.682602
7216,20.8836669921875,1173981725.4647388
7227,20.882020950317383,1172050891.9422412
7238,20.887601852416992,1178610279.8516703
7249,20.897926330566406,1190841849.5681412
7260,20.909013748168945,1204118677.3090084
7271,20.900442123413086,1193841532.6833372
7282,20.916526794433594,1213199345.6666934
7293,20.905723571777344,1200163424.7715533
7304,20.902633666992188,1196460757.4530525
7315,20.90642547607422,1201006120.347578
7326,20.893056869506836,1185057187.0782516
7337,20.887798309326172,1178841848.7302856
7348,20.88372039794922,1174044424.5272617
7359,20.883075714111328,1173287780.9859407
7370,20.873044967651367,1161577657.55507
7381,20.878618240356445,1168069520.2655387
7392,20.875526428222656,1164463645.9650998
7403,20.87607192993164,1165099036.1614866
7414,20.884584426879883,1175059271.241263
7425,20.90240478515625,1196186940.6553006
7436,20.892494201660156,1184390581.0590796
7447,20.884260177612305,1174678320.8979747
7458,20.88787078857422,1178927293.397493
7469,20.897197723388672,1189974509.6624103
7480,20.902624130249023,1196449347.1685114
7491,20.90694808959961,1201633946.4310603
7502,20.900880813598633,1194365374.1404757
7513,20.897361755371094,1190169719.5501564
7524,20.88687515258789,1177754095.0950615
7535,20.887840270996094,1178891315.9406881
7546,20.880290985107422,1170025037.5089672
7557,20.88909149169922,1180367292.3554912
7568,20.872915267944336,1161427011.0428066
7579,20.87920570373535,1168755919.9303038
7590,20.90677261352539,1201423106.9226782
7601,20.929746627807617,1229344119.3484383
7612,20.927961349487305,1227151355.8729105
7623,20.92706298828125,1226049425.740588
7634,20.91903305053711,1216243747.3631468
7645,20.914003372192383,1210141790.8282127
7656,20.909364700317383,1204541339.508549
7667,20.894651412963867,1186948319.6079214
7678,20.876262664794922,1165321282.3612335
7689,20.876850128173828,1166006067.062554
7700,20.9074649810791,1202255221.3314579
7711,20.907909393310547,1202789636.9987705
7722,20.904760360717773,1199007970.6499496
7733,20.903833389282227,1197897039.4904394
7744,20.907081604003906,1201794392.5822988
7755,20.909379959106445,1204559719.4909935
7766,20.90947914123535,1204679196.2132473
7777,20.909717559814453,1204966448.357245
7788,20.914587020874023,1210848294.6439824
7799,20.90129852294922,1194864375.9368727
7810,20.895343780517578,1187770408.6734066
7821,20.90106773376465,1194588645.980848
7832,20.906766891479492,1201416232.3441854
7843,20.9178524017334,1214808637.9845908
7854,20.91677474975586,1213500202.1993685
7865,20.91429901123047,1210499608.8730857
7876,20.901823043823242,1195491271.639247
7887,20.897825241088867,1190721474.0721874
7898,20.896432876586914,1189064709.4377697
7909,20.89438247680664,1186629149.2081735
7920,20.900529861450195,1193946282.591243
7931,20.915599822998047,1212075265.6031826
7942,20.927614212036133,1226725439.6090508
7953,20.93498992919922,1235806869.3469393
7964,20.937246322631836,1238598484.157164
7975,20.926624298095703,1225511687.8493116
7986,20.919553756713867,1216877217.9065413
7997,20.926185607910156,1224974185.8066347
8008,20.90853500366211,1203542350.0744247
8019,20.888036727905273,1179122940.0362086
8030,20.8820743560791,1172113487.8843756
8041,20.897499084472656,1190333175.711836
8052,20.911325454711914,1206905466.211878
8063,20.921714782714844,1219509764.6909516
8074,20.935331344604492,1236228864.8838665
8085,20.934612274169922,1235340248.783838
8096,20.932069778442383,1232203390.8929358
8107,20.946697235107422,1250359860.3483498
8118,20.945571899414062,1248953577.1866817
8129,20.925254821777344,1223834527.292883
8140,20.91525650024414,1211659204.0108466
8151,20.926424026489258,1225266277.2300782
8162,20.930387496948242,1230132220.5656388
8173,20.927461624145508,1226538270.4420822
8184,20.92961883544922,1229187028.6018558
8195,20.93170928955078,1231759275.3125012
8206,20.930936813354492,1230808138.0055254
8217,20.928091049194336,1227310527.366275
8228,20.92330551147461,1221451217.6996381
8239,20.92013168334961,1217580686.9203577
8250,20.918418884277344,1215497000.826602
8261,20.92721939086914,1226241198.0401065
8272,20.950855255126953,1255569705.4933634
8283,20.96383285522461,1271970176.2238958
8294,20.970613479614258,1280624235.027618
8305,20.963457107543945,1271492326.1614542
8316,20.964309692382812,1272576843.4972997
8327,20.95687484741211,1263150517.0121052
8338,20.9580020904541,1264575197.4731054
8349,20.940210342407227,1242275160.7372606
8360,20.925859451293945,1224574717.5194
8371,20.91222381591797,1207990190.4262223
8382,20.919166564941406,1216406144.2634773
8393,20.92227554321289,1220193809.3686647
8404,20.930519104003906,1230294125.298934
8415,20.943092346191406,1245860566.5463707
8426,20.96161651611328,1269154180.7270842
8437,20.960926055908203,1268278182.7268648
8448,20.951929092407227,1256918707.2256489
8459,20.9559383392334,1261968119.9706485
8470,20.951560974121094,1256456097.6180887
8481,20.936838150024414,1238093025.3485744
8492,20.934288024902344,1234939755.5462883
8503,20.946748733520508,1250424253.555004
8514,20.95535659790039,1261234194.4524262
8525,20.95452880859375,1260190590.274871
8536,20.955717086791992,1261688937.3291876
8547,20.947534561157227,1251407257.6763878
8558,20.947587966918945,1251474091.8188527
8569,20.948965072631836,1253198691.1454763
8580,20.95929718017578,1266213996.780656
8591,20.948448181152344,1252551090.8038805
8602,20.948896408081055,1253112643.7745452
8613,20.968307495117188,1277674537.680349
8624,20.989421844482422,1304938623.0669563
8635,20.996105194091797,1313689193.0911624
8646,20.99260902404785,1309104331.6849153
8657,20.968952178955078,1278498499.3737316
8668,20.955625534057617,1261573431.5445604
8679,20.951425552368164,1256285957.6514564
8690,20.941852569580078,1244316934.831958
8701,20.92287826538086,1220929468.903674
8712,20.936498641967773,1237672754.138366
8723,20.951616287231445,1256525598.0349927
8734,20.960975646972656,1268341079.551516
8745,20.9685001373291,1277920695.4388204
8756,20.98638916015625,1300987150.970442
8767,20.985313415527344,1299588373.529061
8778,20.96441078186035,1272705494.12804
8789,20.963247299194336,1271225584.43826
8800,20.96282386779785,1270687421.5593653
8811,20.95848846435547,1265190403.4434087
8822,20.961841583251953,1269439857.7741258
8833,20.974994659423828,1286247188.6609752
8844,20.982210159301758,1295561668.9976575
8855,20.986366271972656,1300957374.0784483
8866,20.98664093017578,1301314741.767892
8877,20.981168746948242,1294213157.3710315
8888,20.98196792602539,1295247878.8565817
8899,20.981752395629883,1294968743.6511123
8910,20.980995178222656,1293988541.9363415
8921,20.977737426757812,1289779907.9323192
8932,20.977846145629883,1289920138.9718704
8943,20.9800968170166,1292826594.831434
8954,20.98528289794922,1299548713.8445034
8965,20.983701705932617,1297495501.482267
8976,20.989280700683594,1304754452.070062
8987,20.994956970214844,1312181649.457189
8998,20.9985294342041,1316877754.48579
9009,20.99349594116211,1310265913.758402
9020,20.983213424682617,1296862113.405279
9031,20.980772018432617,1293699807.943117
9042,20.987255096435547,1302114210.8539605
9053,20.990419387817383,1306241005.3763266
9064,20.98712730407715,1301947821.2399385
9075,20.995887756347656,1313403578.529333
9086,21.00139808654785,1320660842.5305164
9097,21.007448196411133,1328675205.1608098
9108,21.003948211669922,1324032990.7953289
9119,20.998462677001953,1316789846.3456125
9130,20.992666244506836,1309179241.3787959
9141,20.98822021484375,1303371511.8730247
9152,20.994909286499023,1312119081.252066
9163,20.997243881225586,1315185926.0667012
9174,21.005937576293945,1326669596.9041708
9185,21.010251998901367,1332405775.4569654
9196,21.013376235961914,1336575036.4488916
9207,21.0226993560791,1349094354.9322832
9218,21.02798843383789,1356248723.2062995
9229,21.017488479614258,1342082675.2733772
9240,21.008634567260742,1330252442.1017826
9251,21.01443099975586,1337985551.1543806
9262,21.003917694091797,1323992585.1316366
9273,20.99300765991211,1309626291.650649
9284,20.998594284057617,1316963156.5843933
9295,21.02338409423828,1350018447.66211
9306,21.031522750854492,1361050616.856162
9317,21.031234741210938,1360658677.596994
9328,21.019498825073242,1344783438.9095583
9339,21.01284408569336,1335863966.899008
9350,21.007587432861328,1328860218.0598097
9361,21.007366180419922,1328566237.0154874
9372,21.01192855834961,1334641506.593088
9383,21.003652572631836,1323641612.811692
9394,21.005685806274414,1326335623.317879
9405,21.01504898071289,1338812656.287065
9416,21.019746780395508,1345116926.463829
9427,21.017038345336914,1341478693.8047864
9438,21.020872116088867,1346631486.58737
9449,21.02767562866211,1355824547.9316032
9460,21.044858932495117,1379323408.9187555
9471,21.040319442749023,1373076174.8030686
9482,21.0400390625,1372691245.3290818
9493,21.0235538482666,1350247638.1843643
9504,21.019433975219727,1344696232.7282193
9515,21.031688690185547,1361276487.424942
9526,21.0501708984375,1386669822.5655482
9537,21.040327072143555,1373086650.5828896
9548,21.036884307861328,1368367564.9167776
9559,21.041479110717773,1374669410.8955204
9570,21.050525665283203,1387161854.3176472
9581,21.049970626831055,1386392139.7794907
9592,21.035747528076172,1366812916.144384
9603,21.019817352294922,1345211857.2699478
9614,21.020828247070312,1346572412.4814694
9625,21.0300350189209,1359027243.8817236
9636,21.04736328125,1382782044.7880332
9647,21.05875015258789,1398617593.5949526
9658,21.071359634399414,1416365094.9480834
9669,21.062599182128906,1404011287.6141152
9680,21.047592163085938,1383098574.703738
9691,21.04058074951172,1373435015.774985
9702,21.0405216217041,1373353809.9743817
9713,21.036806106567383,1368260560.9865856
9724,21.044178009033203,1378384514.941801
9735,21.067007064819336,1410213664.297986
9746,21.063173294067383,1404817578.6846087
9757,21.055316925048828,1393824054.5196598
9768,21.058185577392578,1397828191.653227
9779,21.06952667236328,1413771329.3628643
9790,21.070419311523438,1415033880.432389
9801,21.0681209564209,1411785364.6444564
9812,21.068031311035156,1411658810.2734501
9823,21.060575485229492,1401172867.3444712
9834,21.052968978881836,1390555269.6405463
9845,21.056655883789062,1395691577.4088457
9856,21.05876922607422,1398644270.362911
9867,21.060449600219727,1400996491.7861345
9878,21.061899185180664,1403028827.8970065
9889,21.065876007080078,1408619532.9162395
9900,21.0722713470459,1417657001.7515838
9911,21.081815719604492,1431252425.0228422
9922,21.076101303100586,1423096976.551407
9933,21.073345184326172,1419180152.3522892
9944,21.065736770629883,1408423415.3864717
9955,21.06841278076172,1412197418.0985632
9966,21.07671356201172,1423968547.142911
9977,21.075170516967773,1421772993.8879247
9988,21.08297348022461,1432910432.3205588
9999,21.08460235595703,1435246367.3079243
10010,21.078388214111328,1426355196.9064085
10021,21.074243545532227,1420455661.593792
10032,21.072494506835938,1417973401.0929344
10043,21.077537536621094,1425142344.5935423
10054,21.069307327270508,1413461259.566852
10065,21.071863174438477,1417078471.0749686
10076,21.073270797729492,1419074588.2970045
10087,21.085861206054688,1437054265.0349371
10098,21.090845108032227,1444234280.0115025
10109,21.089073181152344,1441677468.3805037
10120,21.088335037231445,1440613695.5783362
10131,21.088022232055664,1440163134.63063
10142,21.088682174682617,1441113873.354939
10153,21.088851928710938,1441358529.0052629
10164,21.08377456665039,1434058777.317634
10175,21.088726043701172,1441177094.992914
10186,21.089048385620117,1441641721.6635573
10197,21.091646194458008,1445391700.0237012
10208,21.09835433959961,1455120190.9172137
10219,21.105117797851562,1464995192.516805
10230,21.108896255493164,1470541085.659937
10241,21.115215301513672,1479862923.9993384
10252,21.114032745361328,1478113937.3352284
10263,21.105009078979492,1464835928.5495424
10274,21.101842880249023,1460205301.503392
10285,21.094091415405273,1448930326.6844692
10296,21.095909118652344,1451566447.160615
10307,21.102867126464844,1461701677.4556625
10318,21.100112915039062,1457681380.9092622
10329,21.097578048706055,1453991032.6983037
10340,21.0981388092041,1454806602.0821307
10351,21.101625442504883,1459887832.2727983
10362,21.098554611206055,1455411639.3588693
10373,21.098857879638672,1455853086.7006888
10384,21.097213745117188,1453461435.0199356
10395,21.095073699951172,1450354287.8054602
10406,21.095327377319336,1450722256.5347922
10417,21.097515106201172,1453899517.740749
10428,21.106122970581055,1466468506.0764165
10439,21.114482879638672,1478779436.8550782
10450,21.12311553955078,1491600497.1232774
10461,21.120512008666992,1487722120.0906906
10472,21.124351501464844,1493445198.2840767
10483,21.128711700439453,1499971133.355081
10494,21.129194259643555,1500695132.9036417
10505,21.120006561279297,1486970344.838898
10516,21.110708236694336,1473208094.017497
10527,21.10999298095703,1472154750.2260091
10538,21.110004425048828,1472171597.7965124
10549,21.123027801513672,1491469632.7644835
10560,21.129518508911133,1501181811.0996041
10571,21.12944793701172,1501075873.5859787
10582,21.132524490356445,1505701124.8534405
10593,21.12906265258789,1500497643.8315136
10604,21.121566772460938,1489292143.374714
10615,21.119680404663086,1486485438.7047896
10626,21.11774253845215,1483607618.116309
10637,21.121501922607422,1489195566.128918
10648,21.126358032226562,1496444850.4561288
10659,21.129213333129883,1500723756.6647184
10670,21.132282257080078,1505336438.1081533
10681,21.135454177856445,1510118826.700814
10692,21.139501571655273,1516243257.9073808
10703,21.136978149414062,1512421959.3499036
10714,21.134130477905273,1508121204.9012687
10725,21.129743576049805,1501519715.8186522
10736,21.13153648376465,1504214216.875206
10747,21.133832931518555,1507672535.6392853
10758,21.135778427124023,1510608561.0180337
10769,21.138145446777344,1514188436.3165932
10780,21.138822555541992,1515214053.7662494
10791,21.13463592529297,1508883673.5022624
10802,21.136459350585938,1511637520.1104357
10813,21.1357479095459,1510562461.6066813
10824,21.1369571685791,1512390227.8072615
10835,21.137758255004883,1513602268.499097
10846,21.141250610351562,1518897546.588603
10857,21.140766143798828,1518161869.7500505
10868,21.1402645111084,1517400501.106486
10879,21.14354705810547,1522389623.5994117
10890,21.143823623657227,1522810722.3536735
10901,21.144458770751953,1523778238.3847673
10912,21.148996353149414,1530708218.4842663
10923,21.151084899902344,1533908514.9847815
10934,21.150693893432617,1533308864.0727868
10945,21.154516220092773,1539180886.6671674
10956,21.15583038330078,1541204951.2431917
10967,21.155872344970703,1541269624.1335194
10978,21.153587341308594,1537751838.0057695
10989,21.153745651245117,1537995298.6722457
11000,21.149160385131836,1530959324.1819732
11011,21.155221939086914,1540267499.2307713
11022,21.15787124633789,1544353551.2986712
11033,21.160133361816406,1547851011.7096064
11044,21.158496856689453,1545320017.1508348
11055,21.159570693969727,1546980330.6889453
11066,21.159360885620117,1546655795.3451881
11077,21.157245635986328,1543387689.888457
11088,21.158920288085938,1545974492.716685
11099,21.1560001373291,1541466599.1994014
11110,21.160045623779297,1547715212.257577
11121,21.160438537597656,1548323450.4361255
11132,21.161155700683594,1549434249.1241682
11143,21.160749435424805,1548804895.6688495
11154,21.160900115966797,1549038288.01337
11165,21.161680221557617,1550247172.9098701
11176,21.162353515625,1551291296.596065
11187,21.163524627685547,1553109096.7590175
11198,21.16205596923828,1550829784.1401014
11209,21.162433624267578,1551415573.4138358
11220,21.16411781311035,1554030651.7378151
11231,21.164731979370117,1554985378.0810974
11242,21.162822723388672,1552019345.305841
11253,21.166851043701172,1558283985.8778145
11264,21.164960861206055,1555341326.7228239
11275,21.16409683227539,1553998047.2192228
11286,21.165145874023438,1555629111.4247813
11297,21.165973663330078,1556917377.7012777
